test,predict
4.449555556,3.5213516
4.023333333,3.2884707
3.948444444,3.0371737
3.3478888890000005,3.0331101
3.348,3.3262033
3.424,3.6612027
3.420888889,3.4124787
3.226666667,3.0777886
3.051333333,3.1771247
3.029444444,3.0575066
3.196555556,3.0062733
3.096888889,2.9786572
3.162777778,2.8811262
3.1025555559999995,2.9930198
3.053555556,2.8643303
3.005888889,2.8138678
3.043444444,2.8147428
3.149888889,2.801677
3.121888889,2.860937
3.016777778,3.0983949
3.085555556,3.4081087
3.0960000000000005,2.960655
2.971333333,3.0732076
