test,predict
3.439888889,3.55944
3.566666667,3.416209
3.6527777780000004,3.3939753
4.180555556,3.5264776
3.887,3.3995917
3.747111111,3.1908007
3.7238888889999995,3.1856408
3.6333333329999995,3.2310169
3.439555556,3.1801515
3.402666667,3.1779363
3.162777778,3.14172
3.145888889,3.2509396
3.336222222,3.2856927
3.028777778,3.332082
2.881555556,3.1570778
2.794666667,3.2895792
2.818555556,3.4096923
2.762222222,3.157056
2.901111111,3.090777
2.9221111109999995,3.0104122
2.893666667,2.9013176
2.941111111,3.1200836
2.9066666670000005,3.4813488
