test,predict
3.439888889,3.724166
3.566666667,3.6466334
3.6527777780000004,3.4739368
4.180555556,3.5170105
3.887,3.4765825
3.747111111,3.3269036
3.7238888889999995,3.238705
3.6333333329999995,3.2455044
3.439555556,3.0079498
3.402666667,3.2290113
3.162777778,3.2078888
3.145888889,3.315543
3.336222222,3.2110238
3.028777778,3.3209667
2.881555556,3.2773693
2.794666667,3.359894
2.818555556,3.3956847
2.762222222,3.217993
2.901111111,3.062413
2.9221111109999995,3.0859146
2.893666667,2.8514922
2.941111111,2.936959
2.9066666670000005,3.4547522
