test,predict
3.439888889,3.6321
3.566666667,3.6693947
3.6527777780000004,3.6050904
4.180555556,3.5192184
3.887,3.2265759
3.747111111,3.1999753
3.7238888889999995,3.1447191
3.6333333329999995,3.1275852
3.439555556,3.1021345
3.402666667,3.0790627
3.162777778,3.0458424
3.145888889,3.2248802
3.336222222,3.2337399
3.028777778,3.2900171
2.881555556,3.120097
2.794666667,3.1731381
2.818555556,3.1873124
2.762222222,3.192861
2.901111111,3.1209843
2.9221111109999995,2.9484913
2.893666667,2.9138207
2.941111111,3.1043212
2.9066666670000005,3.6119897
