test,predict
3.439888889,3.609618
3.566666667,3.6014712
3.6527777780000004,3.53489
4.180555556,3.4335515
3.887,3.1743064
3.747111111,3.2727723
3.7238888889999995,3.1230636
3.6333333329999995,3.0881758
3.439555556,2.939
3.402666667,3.1878042
3.162777778,3.1575575
3.145888889,3.3756368
3.336222222,3.4569356
3.028777778,3.2758267
2.881555556,3.2900712
2.794666667,3.4048448
2.818555556,3.3667994
2.762222222,3.1390626
2.901111111,3.02524
2.9221111109999995,2.9628377
2.893666667,2.8027935
2.941111111,2.8388176
2.9066666670000005,3.569768
