test,predict
3.546444444,3.6378694
3.666222222,3.7380047
3.271777778,3.7139196
3.419888889,3.7437217
3.2675555560000005,3.4794343
3.297333333,3.0459347
3.220222222,3.2388656
3.066444444,3.0910475
3.261555556,3.0132225
3.442888889,3.1590078
3.465555556,3.504721
3.334333333,3.1364062
3.401333333,2.993842
3.192333333,3.0315244
3.067,2.9496455
2.997222222,2.8323991
2.784222222,2.9717555
2.89,3.1154914
2.818777778,3.1835217
2.868555556,2.9542558
2.731222222,3.0895252
2.762777778,3.1977575
2.698666667,3.2030406
