test,predict
3.6432222219999995,3.5659065
3.383777778,3.5715697
3.339777778,3.5920198
4.044,3.4956028
3.680888889,3.5837812
3.424777778,3.2961524
3.466111111,3.0664864
3.470333333,3.152816
3.522222222,3.1745646
3.398666667,3.4350674
3.265777778,3.4381487
3.177222222,3.5007758
3.268555556,3.496959
3.263222222,3.3694916
3.061888889,3.1740615
3.212666667,3.174907
3.219111111,3.1142774
3.1401111110000004,3.1905804
3.081222222,3.1307888
3.1951111110000006,3.1423173
3.164777778,2.9466395
3.287888889,3.0063593
3.361111111,2.8095274
